<?xml version="1.0" encoding="UTF-8"?>
<project-private xmlns="http://www.netbeans.org/ns/project-private/1">
    <editor-bookmarks xmlns="http://www.netbeans.org/ns/editor-bookmarks/2" lastBookmarkId="0"/>
    <open-files xmlns="http://www.netbeans.org/ns/projectui-open-files/2">
        <group>
            <file>file:/C:/Users/RLCXX/Documents/NetBeansProjects/Epe1/Epe1/web/css/estilos.css</file>
            <file>file:/C:/Users/RLCXX/Documents/NetBeansProjects/Epe1/Epe1/web/index.jsp</file>
            <file>file:/C:/Users/RLCXX/Documents/NetBeansProjects/Epe1/Epe1/web/registrarProfesor.jsp</file>
        </group>
    </open-files>
</project-private>
